{
	"info": {
		"_postman_id": "c32bf223-8185-4447-867c-62188ab896a9",
		"name": "odev6",
		"schema": "https://schema.getpostman.com/json/collection/v2.1.0/collection.json"
	},
	"item": [
		{
			"name": "Ürünleri Listeler",
			"request": {
				"method": "GET",
				"header": [],
				"url": {
					"raw": "localhost:8000/product",
					"host": [
						"localhost"
					],
					"port": "8000",
					"path": [
						"product"
					]
				}
			},
			"response": []
		},
		{
			"name": "Ürün Ekle",
			"request": {
				"method": "POST",
				"header": [],
				"url": {
					"raw": "localhost:8000/product",
					"host": [
						"localhost"
					],
					"port": "8000",
					"path": [
						"product"
					]
				}
			},
			"response": []
		},
		{
			"name": "Ürün Seçme",
			"request": {
				"method": "GET",
				"header": [],
				"url": {
					"raw": "localhost:8000/product/5",
					"host": [
						"localhost"
					],
					"port": "8000",
					"path": [
						"product",
						"5"
					]
				}
			},
			"response": []
		},
		{
			"name": "Ürün Güncelle",
			"request": {
				"method": "PUT",
				"header": [],
				"url": {
					"raw": "localhost:8000/product/7",
					"host": [
						"localhost"
					],
					"port": "8000",
					"path": [
						"product",
						"7"
					]
				}
			},
			"response": []
		},
		{
			"name": "Ürün Silme",
			"request": {
				"method": "DELETE",
				"header": [],
				"url": {
					"raw": "localhost:8000/product/8",
					"host": [
						"localhost"
					],
					"port": "8000",
					"path": [
						"product",
						"8"
					]
				}
			},
			"response": []
		}
	]
}